{
    "random_forest": {
        "accuracy": 0.54,
        "precision": 0.39473684210526316,
        "recall": 0.39473684210526316,
        "f1": 0.39473684210526316
    },
    "xgboost": {
        "accuracy": 0.42,
        "precision": 0.34375,
        "recall": 0.5789473684210527,
        "f1": 0.43137254901960786
    },
    "lstm": {
        "mae": 38.37220444335937,
        "rmse": 45.39105302429995
    }
}