{
    "random_forest": {
        "accuracy": 0.51,
        "precision": 0.38461538461538464,
        "recall": 0.375,
        "f1": 0.379746835443038
    },
    "xgboost": {
        "accuracy": 0.41,
        "precision": 0.3582089552238806,
        "recall": 0.6,
        "f1": 0.4485981308411215
    },
    "lstm": {
        "mae": 37.143529171316956,
        "rmse": 41.86969281420874
    }
}